REQ_ID,FEATURE,EST_ID,ARTIFACT,TEST_ID,BUG_ID,STATUS
REQ-001,Public tenant signup,,,,,verified
REQ-002,Slug validation,,,,,verified
REQ-003,Approval queue,,,,,verified
REQ-004,Schema provisioning,,,,,verified
REQ-005,Welcome + setup wizard,,,,,verified
REQ-006,Tenant lifecycle engine,,,,,verified
REQ-010,Plan catalog,,,,,verified
REQ-011,Razorpay checkout,,,,,implemented-pending-live-keys
REQ-012,14-day trial,,,,,verified
REQ-013,Webhook handler,,,,,verified
REQ-014,GST invoices,,,"GST invoice verified: checkout -> INV-2026-00001 (%PDF-1.4): taxable 4999.00, CGST 9% 449.91 + SGST 9% 449.91 = 5898.82. Downloads: GET /api/billing/invoices/{id}/pdf (tenant-scoped, 200), /api/admin/invoices/{id}/pdf + /api/platform/invoices/{id}/pdf (platform, 200). UI: PDF buttons in TenantBilling + AdminConsole tenant detail.",,verified
REQ-015,Plan change,,,,,verified
REQ-016,Offboarding export,,,"Offboard export E2E: offboard -> exports/zenith.zip + duntest.zip (33 CSVs each, real data). Download: GET /api/admin/tenants/{id}/export -> 200 application/zip 9277B, path-traversal-guarded; support role 403. Admin UI: Download export button on OFFBOARDED tenants. Retention purge added: hourly sweep drops tenant schema after app.tenancy.retention-days (30d); verified t_duntest dropped + tenant.purged audit entry. Boot race fixed: migrateAllTenants skips OFFBOARDED + migrate() no-ops on missing schema.",,verified
REQ-017,Dunning,,,"Dunning sweep E2E: expired trial -> GRACE (grace window + payment_failed email via Mailpit); GRACE semantics: login allowed, GET 200, writes 403 TENANT_READ_ONLY, billing/checkout allowed; grace elapsed -> SUSPENDED + login TENANT_INACTIVE; TenantLifecycleGuardFilter fixed (GRACE write-allowlist for auth+billing)",,verified
REQ-020,Feature flags,,,,,verified
REQ-021,Usage limits,,,,,verified
REQ-022,Usage metering,,,,,verified
REQ-030,Platform login,,,,,verified
REQ-031,Tenant list/detail,,,,,verified
REQ-032,Approvals UI,,,,,verified
REQ-033,Plan management UI,,,,,verified
REQ-034,Subscriptions/MRR dashboard,,,,,verified
REQ-035,Suspend/reactivate/offboard,,,,,verified
REQ-036,Platform settings,,,,,verified
REQ-037,Support read-only views,,,"PlatformSupportController /api/platform/** read-only (dashboard/tenants/plans/subscriptions/invoices/audit); PLATFORM_SUPPORT seeded; AdminConsole role-aware (support reads via /platform, mutations + admin-only pages hidden); PlatformAuditLog getters added (was serializing id only); verified: reads 200, admin mutations 403",,verified
REQ-040,Tenant auth + invites,,,,,verified
REQ-041,Role dashboards,,,,,verified
REQ-042,Quotation engine,,,,,verified
REQ-043,Agreement generation,,,,,verified
REQ-044,Project creation wizard,,,,,verified
REQ-045,Site tracking,,,,,verified
REQ-046,Labor attendance/wages,,,,,verified
REQ-047,Material estimator,,,,,verified
REQ-048,Material tracking,,,,,verified
REQ-049,Reports + CSV,,,,,verified
REQ-050,Settings masters,,,,,verified
REQ-051,Client portal,,,,,verified
REQ-052,Site photos,,,,,verified
REQ-053,In-app notifications,,,,,verified
REQ-054,Tenant branding,,,,,verified
REQ-055,Tenant billing page,,,,,verified
